original_name,label
n01440764,animal or human
n01443537,animal or human
n01484850,animal or human
n01491361,animal or human
n01494475,animal or human
n01496331,animal or human
n01498041,animal or human
n01514668,animal or human
n01514859,animal or human
n01518878,animal or human
n01530575,animal or human
n01531178,animal or human
n01532829,animal or human
n01534433,animal or human
n01537544,animal or human
n01558993,animal or human
n01560419,animal or human
n01580077,animal or human
n01582220,animal or human
n01592084,animal or human
n01601694,animal or human
n01608432,animal or human
n01614925,animal or human
n01616318,animal or human
n01622779,animal or human
n01629819,animal or human
n01630670,animal or human
n01631663,animal or human
n01632458,animal or human
n01632777,animal or human
n01641577,animal or human
n01644373,animal or human
n01644900,animal or human
n01664065,animal or human
n01665541,animal or human
n01667114,animal or human
n01667778,animal or human
n01669191,animal or human
n01675722,animal or human
n01677366,animal or human
n01682714,animal or human
n01685808,animal or human
n01687978,animal or human
n01688243,animal or human
n01689811,animal or human
n01692333,animal or human
n01693334,animal or human
n01694178,animal or human
n01695060,animal or human
n01697457,animal or human
n01698640,animal or human
n01704323,animal or human
n01768244,animal or human
n01795545,animal or human
n01796340,animal or human
n01797886,animal or human
n01798484,animal or human
n01806143,animal or human
n01806567,animal or human
n01807496,animal or human
n01817953,animal or human
n01818515,animal or human
n01819313,animal or human
n01820546,animal or human
n01824575,animal or human
n01828970,animal or human
n01829413,animal or human
n01833805,animal or human
n01843065,animal or human
n01843383,animal or human
n01847000,animal or human
n01855032,animal or human
n01855672,animal or human
n01860187,animal or human
n01871265,animal or human
n01872401,animal or human
n01873310,animal or human
n01877812,animal or human
n01882714,animal or human
n01883070,animal or human
n01910747,animal or human
n01914609,animal or human
n01917289,animal or human
n01924916,animal or human
n01930112,animal or human
n01943899,animal or human
n01944390,animal or human
n01945685,animal or human
n01950731,animal or human
n01968897,animal or human
n01978287,animal or human
n01978455,animal or human
n01980166,animal or human
n01981276,animal or human
n01983481,animal or human
n01984695,animal or human
n01985128,animal or human
n01986214,animal or human
n01990800,animal or human
n02002556,animal or human
n02002724,animal or human
n02006656,animal or human
n02007558,animal or human
n02009229,animal or human
n02009912,animal or human
n02011460,animal or human
n02012849,animal or human
n02013706,animal or human
n02017213,animal or human
n02018207,animal or human
n02018795,animal or human
n02025239,animal or human
n02027492,animal or human
n02028035,animal or human
n02033041,animal or human
n02037110,animal or human
n02051845,animal or human
n02056570,animal or human
n02058221,animal or human
n02066245,animal or human
n02071294,animal or human
n02074367,animal or human
n02077923,animal or human
n02085620,animal or human
n02085782,animal or human
n02085936,animal or human
n02086079,animal or human
n02086240,animal or human
n02086646,animal or human
n02086910,animal or human
n02087046,animal or human
n02087394,animal or human
n02088094,animal or human
n02088238,animal or human
n02088364,animal or human
n02088466,animal or human
n02088632,animal or human
n02089078,animal or human
n02089867,animal or human
n02089973,animal or human
n02090379,animal or human
n02090622,animal or human
n02090721,animal or human
n02091032,animal or human
n02091134,animal or human
n02091244,animal or human
n02091467,animal or human
n02091635,animal or human
n02091831,animal or human
n02092002,animal or human
n02092339,animal or human
n02093256,animal or human
n02093428,animal or human
n02093647,animal or human
n02093754,animal or human
n02093859,animal or human
n02093991,animal or human
n02094114,animal or human
n02094258,animal or human
n02094433,animal or human
n02095314,animal or human
n02095570,animal or human
n02095889,animal or human
n02096051,animal or human
n02096177,animal or human
n02096294,animal or human
n02096437,animal or human
n02096585,animal or human
n02097047,animal or human
n02097130,animal or human
n02097209,animal or human
n02097298,animal or human
n02097474,animal or human
n02097658,animal or human
n02098105,animal or human
n02098286,animal or human
n02098413,animal or human
n02099267,animal or human
n02099429,animal or human
n02099601,animal or human
n02099712,animal or human
n02099849,animal or human
n02100236,animal or human
n02100583,animal or human
n02100735,animal or human
n02100877,animal or human
n02101006,animal or human
n02101388,animal or human
n02101556,animal or human
n02102040,animal or human
n02102177,animal or human
n02102318,animal or human
n02102480,animal or human
n02102973,animal or human
n02104029,animal or human
n02104365,animal or human
n02105056,animal or human
n02105162,animal or human
n02105251,animal or human
n02105412,animal or human
n02105505,animal or human
n02105641,animal or human
n02105855,animal or human
n02106030,animal or human
n02106166,animal or human
n02106382,animal or human
n02106550,animal or human
n02106662,animal or human
n02107142,animal or human
n02107312,animal or human
n02107574,animal or human
n02107683,animal or human
n02107908,animal or human
n02108000,animal or human
n02108089,animal or human
n02108422,animal or human
n02108551,animal or human
n02108915,animal or human
n02109047,animal or human
n02109525,animal or human
n02109961,animal or human
n02110063,animal or human
n02110185,animal or human
n02110341,animal or human
n02110627,animal or human
n02110806,animal or human
n02110958,animal or human
n02111129,animal or human
n02111277,animal or human
n02111500,animal or human
n02111889,animal or human
n02112018,animal or human
n02112137,animal or human
n02112350,animal or human
n02112706,animal or human
n02113023,animal or human
n02113186,animal or human
n02113624,animal or human
n02113712,animal or human
n02113799,animal or human
n02113978,animal or human
n02114367,animal or human
n02114548,animal or human
n02114712,animal or human
n02114855,animal or human
n02115641,animal or human
n02115913,animal or human
n02116738,animal or human
n02117135,animal or human
n02119022,animal or human
n02119789,animal or human
n02120079,animal or human
n02120505,animal or human
n02123045,animal or human
n02123159,animal or human
n02123394,animal or human
n02123597,animal or human
n02124075,animal or human
n02125311,animal or human
n02127052,animal or human
n02128385,animal or human
n02128757,animal or human
n02128925,animal or human
n02129165,animal or human
n02129604,animal or human
n02130308,animal or human
n02132136,animal or human
n02133161,animal or human
n02134084,animal or human
n02134418,animal or human
n02137549,animal or human
n02138441,animal or human
n02165105,animal or human
n02165456,animal or human
n02167151,animal or human
n02168699,animal or human
n02169497,animal or human
n02172182,animal or human
n02174001,animal or human
n02190166,animal or human
n02206856,animal or human
n02219486,animal or human
n02226429,animal or human
n02229544,animal or human
n02231487,animal or human
n02236044,animal or human
n02256656,animal or human
n02259212,animal or human
n02264363,animal or human
n02268443,animal or human
n02268853,animal or human
n02276258,animal or human
n02277742,animal or human
n02279972,animal or human
n02280649,animal or human
n02281406,animal or human
n02281787,animal or human
n02317335,animal or human
n02319095,animal or human
n02321529,animal or human
n02325366,animal or human
n02326432,animal or human
n02328150,animal or human
n02342885,animal or human
n02346627,animal or human
n02356798,animal or human
n02361337,animal or human
n02363005,animal or human
n02364673,animal or human
n02389026,animal or human
n02391049,animal or human
n02395406,animal or human
n02396427,animal or human
n02397096,animal or human
n02398521,animal or human
n02403003,animal or human
n02408429,animal or human
n02410509,animal or human
n02412080,animal or human
n02415577,animal or human
n02417914,animal or human
n02422106,animal or human
n02422699,animal or human
n02423022,animal or human
n02437312,animal or human
n02437616,animal or human
n02441942,animal or human
n02442845,animal or human
n02443114,animal or human
n02443484,animal or human
n02444819,animal or human
n02445715,animal or human
n02447366,animal or human
n02454379,animal or human
n02457408,animal or human
n02480495,animal or human
n02480855,animal or human
n02481823,animal or human
n02483362,animal or human
n02483708,animal or human
n02484975,animal or human
n02486261,animal or human
n02486410,animal or human
n02487347,animal or human
n02488291,animal or human
n02488702,animal or human
n02489166,animal or human
n02490219,animal or human
n02492035,animal or human
n02492660,animal or human
n02493509,animal or human
n02493793,animal or human
n02494079,animal or human
n02497673,animal or human
n02500267,animal or human
n02504013,animal or human
n02504458,animal or human
n02509815,animal or human
n02510455,animal or human
n02514041,animal or human
n02526121,animal or human
n02536864,animal or human
n02606052,animal or human
n02607072,animal or human
n02640242,animal or human
n02641379,animal or human
n02643566,animal or human
n02655020,animal or human
n02666196,object
n02667093,object
n02669723,object
n02672831,object
n02676566,object
n02687172,scene
n02690373,scene
n02692877,scene
n02699494,scene
n02701002,plant or food
n02704792,plant or food
n02708093,object
n02727426,scene
n02730930,object
n02747177,plant or food
n02769748,plant or food
n02776631,object
n02777292,object
n02782093,scene
n02783161,object
n02786058,object
n02787622,object
n02788148,scene
n02790996,object
n02791124,object
n02791270,scene
n02793495,scene
n02794156,object
n02795169,plant or food
n02797295,plant or food
n02799071,object
n02802426,object
n02804414,object
n02804610,object
n02807133,object
n02808304,plant or food
n02808440,plant or food
n02814533,plant or food
n02814860,scene
n02815834,plant or food
n02817516,object
n02823428,plant or food
n02823750,plant or food
n02825657,object
n02834397,object
n02835271,plant or food
n02840245,object
n02841315,object
n02843684,object
n02859443,scene
n02860847,scene
n02865351,object
n02869837,object
n02870880,object
n02871525,scene
n02877765,scene
n02879718,object
n02883205,object
n02892201,scene
n02894605,scene
n02895154,object
n02906734,object
n02909870,plant or food
n02910353,object
n02917067,scene
n02927161,scene
n02930766,plant or food
n02939185,plant or food
n02948072,object
n02950826,object
n02951358,scene
n02951585,object
n02963159,object
n02965783,object
n02966193,object
n02966687,object
n02971356,plant or food
n02974003,object
n02977058,object
n02978881,plant or food
n02979186,object
n02980441,scene
n02981792,scene
n02988304,object
n02992211,object
n02992529,object
n02999410,object
n03000134,scene
n03000247,object
n03000684,object
n03014705,plant or food
n03016953,object
n03017168,object
n03018349,object
n03026506,object
n03028079,scene
n03032252,scene
n03041632,object
n03042490,scene
n03045698,scene
n03047690,scene
n03062245,plant or food
n03063599,plant or food
n03063689,plant or food
n03065424,object
n03075370,object
n03085013,object
n03089624,scene
n03095699,scene
n03100240,plant or food
n03109150,object
n03110669,object
n03124043,scene
n03124170,object
n03125729,object
n03126707,object
n03127747,object
n03127925,plant or food
n03131574,object
n03133878,object
n03134739,object
n03141823,object
n03146219,object
n03160309,scene
n03179701,object
n03180011,object
n03187595,object
n03188531,object
n03196217,object
n03197337,object
n03201208,object
n03207743,object
n03207941,object
n03208938,object
n03216828,scene
n03218198,scene
n03220513,object
n03223299,scene
n03240683,object
n03249569,object
n03250847,object
n03255030,object
n03259280,object
n03271574,object
n03272010,object
n03272562,plant or food
n03290653,object
n03291819,plant or food
n03297495,object
n03314780,animal or human
n03325584,object
n03337140,object
n03344393,scene
n03345487,plant or food
n03347037,object
n03355925,object
n03372029,object
n03376595,object
n03379051,object
n03384352,plant or food
n03388043,scene
n03388183,object
n03388549,object
n03393912,plant or food
n03394916,object
n03400231,object
n03404251,object
n03417042,plant or food
n03424325,object
n03425413,object
n03443371,plant or food
n03444034,plant or food
n03445777,object
n03445924,plant or food
n03447447,scene
n03447721,object
n03450230,object
n03452741,object
n03457902,scene
n03459775,scene
n03461385,scene
n03476684,object
n03476991,animal or human
n03478589,scene
n03481172,object
n03482405,plant or food
n03483316,object
n03485407,object
n03485794,object
n03492542,object
n03494278,object
n03495258,object
n03496892,object
n03498962,object
n03529860,scene
n03530642,object
n03532672,object
n03534580,object
n03535780,object
n03538406,plant or food
n03544143,object
n03584254,object
n03584829,object
n03590841,object
n03594734,object
n03594945,plant or food
n03595614,object
n03598930,object
n03599486,plant or food
n03602883,object
n03617480,object
n03623198,object
n03627232,object
n03630383,object
n03633091,plant or food
n03637318,object
n03642806,object
n03649909,object
n03657121,object
n03658185,object
n03661043,scene
n03662601,scene
n03666591,object
n03670208,plant or food
n03673027,scene
n03676483,animal or human
n03680355,scene
n03690938,animal or human
n03691459,object
n03692522,object
n03697007,scene
n03706229,object
n03709823,plant or food
n03710193,plant or food
n03717622,scene
n03720891,object
n03721384,object
n03724870,object
n03729826,object
n03733131,object
n03733281,object
n03733805,plant or food
n03742115,object
n03743016,scene
n03759954,object
n03761084,object
n03763968,object
n03764736,plant or food
n03769881,scene
n03770679,plant or food
n03773504,object
n03775071,object
n03775546,plant or food
n03776460,plant or food
n03777568,plant or food
n03777754,object
n03781244,scene
n03782006,object
n03785016,plant or food
n03786901,plant or food
n03787032,object
n03788195,scene
n03788365,object
n03791053,plant or food
n03792782,plant or food
n03792972,scene
n03793489,object
n03794056,object
n03796401,plant or food
n03803284,object
n03804744,object
n03814639,object
n03814906,object
n03825788,scene
n03832673,object
n03837869,object
n03838899,object
n03840681,object
n03841143,object
n03843555,object
n03854065,object
n03857828,object
n03866082,object
n03868242,plant or food
n03868863,object
n03871628,plant or food
n03873416,object
n03874293,object
n03874599,object
n03876231,object
n03877472,object
n03877845,scene
n03884397,object
n03887697,object
n03888257,object
n03888605,object
n03891251,object
n03891332,object
n03895866,plant or food
n03899768,scene
n03902125,object
n03903868,object
n03908618,plant or food
n03908714,object
n03916031,animal or human
n03920288,plant or food
n03924679,object
n03929660,object
n03929855,object
n03930313,scene
n03930630,plant or food
n03933933,object
n03935335,plant or food
n03937543,plant or food
n03938244,object
n03942813,object
n03944341,object
n03947888,scene
n03950228,plant or food
n03954731,object
n03956157,scene
n03958227,plant or food
n03961711,object
n03967562,object
n03970156,object
n03976467,object
n03976657,object
n03977966,plant or food
n03980874,object
n03982430,object
n03983396,plant or food
n03991062,plant or food
n03992509,object
n03995372,object
n03998194,scene
n04004767,object
n04005630,scene
n04008634,object
n04009552,object
n04019541,object
n04023962,object
n04026417,plant or food
n04033901,object
n04033995,object
n04037443,plant or food
n04039381,object
n04040759,object
n04041544,object
n04044716,object
n04049303,plant or food
n04065272,plant or food
n04067472,object
n04069434,object
n04070727,object
n04074963,object
n04081281,scene
n04099969,object
n04111531,object
n04116512,object
n04118538,object
n04118776,object
n04120489,scene
n04125021,plant or food
n04127249,object
n04131690,plant or food
n04133789,scene
n04136333,object
n04141076,object
n04141327,object
n04141975,object
n04146614,scene
n04147183,scene
n04149813,object
n04152593,object
n04153751,object
n04154565,object
n04162706,object
n04179913,object
n04192698,object
n04200800,scene
n04201297,object
n04204238,plant or food
n04204347,plant or food
n04208210,object
n04209133,object
n04209239,object
n04228054,object
n04229816,object
n04235860,plant or food
n04238763,object
n04239074,scene
n04243546,object
n04251144,object
n04252077,plant or food
n04252225,plant or food
n04254120,plant or food
n04254680,object
n04254777,object
n04258138,object
n04259630,object
n04263257,plant or food
n04264628,object
n04265275,object
n04266014,object
n04270147,object
n04273569,scene
n04275548,object
n04277352,object
n04285008,plant or food
n04286575,object
n04296562,scene
n04310018,plant or food
n04311004,scene
n04311174,object
n04317175,object
n04325704,object
n04326547,scene
n04328186,object
n04330267,object
n04332243,object
n04335435,plant or food
n04336792,scene
n04344873,object
n04346328,scene
n04347754,scene
n04350905,object
n04355338,object
n04355933,object
n04356056,object
n04357314,animal or human
n04366367,scene
n04367480,object
n04370456,object
n04371430,object
n04371774,object
n04372370,object
n04376876,object
n04380533,object
n04389033,plant or food
n04392985,object
n04398044,plant or food
n04399382,animal or human
n04404412,object
n04409515,object
n04417672,object
n04418357,object
n04423845,plant or food
n04428191,object
n04429376,object
n04435653,object
n04442312,object
n04443257,scene
n04447861,object
n04456115,object
n04458633,object
n04461696,plant or food
n04462240,scene
n04465501,plant or food
n04467665,plant or food
n04476259,plant or food
n04479046,object
n04482393,plant or food
n04483307,scene
n04485082,object
n04486054,scene
n04487081,scene
n04487394,object
n04493381,plant or food
n04501370,scene
n04505470,object
n04507155,object
n04509417,plant or food
n04515003,object
n04517823,object
n04522168,plant or food
n04523525,object
n04525038,animal or human
n04525305,object
n04532106,object
n04532670,scene
n04536866,object
n04540053,object
n04542943,object
n04548280,object
n04548362,plant or food
n04550184,object
n04552348,scene
n04553703,plant or food
n04554684,object
n04557648,plant or food
n04560804,plant or food
n04562935,plant or food
n04579145,plant or food
n04579432,object
n04584207,object
n04589890,object
n04590129,object
n04591157,object
n04591713,plant or food
n04592741,object
n04596742,object
n04597913,plant or food
n04599235,scene
n04604644,scene
n04606251,scene
n04612504,scene
n04613696,scene
n06596364,scene
n06785654,object
n06794110,scene
n06874185,scene
n07248320,object
n07565083,object
n07579787,animal or human
n07583066,plant or food
n07584110,plant or food
n07590611,plant or food
n07613480,animal or human
n07614500,animal or human
n07615774,animal or human
n07684084,plant or food
n07693725,plant or food
n07695742,plant or food
n07697313,plant or food
n07697537,plant or food
n07711569,plant or food
n07714571,plant or food
n07714990,plant or food
n07715103,plant or food
n07716358,plant or food
n07716906,plant or food
n07717410,plant or food
n07717556,plant or food
n07718472,plant or food
n07718747,plant or food
n07720875,plant or food
n07730033,plant or food
n07734744,plant or food
n07742313,plant or food
n07745940,plant or food
n07747607,plant or food
n07749582,plant or food
n07753113,plant or food
n07753275,plant or food
n07753592,plant or food
n07754684,plant or food
n07760859,plant or food
n07768694,plant or food
n07802026,object
n07831146,plant or food
n07836838,plant or food
n07860988,scene
n07871810,plant or food
n07873807,plant or food
n07875152,plant or food
n07880968,plant or food
n07892512,plant or food
n07920052,plant or food
n07930864,plant or food
n07932039,plant or food
n09193705,scene
n09229709,object
n09246464,scene
n09256479,scene
n09288635,object
n09332890,scene
n09399592,scene
n09421951,scene
n09428293,scene
n09468604,scene
n09472597,scene
n09835506,animal or human
n10148035,animal or human
n10565667,animal or human
n11879895,plant or food
n11939491,plant or food
n12057211,plant or food
n12144580,plant or food
n12267677,plant or food
n12620546,plant or food
n12768682,plant or food
n12985857,plant or food
n12998815,plant or food
n13037406,plant or food
n13040303,plant or food
n13044778,plant or food
n13052670,plant or food
n13054560,plant or food
n13133613,plant or food
n15075141,object
readingroom,scene
office,scene
deck,scene
promenadeDeck,scene
MRI,scene
factory,scene
sushibar,scene
cornfield,scene
hardwarestore,scene
greenhouse,scene
bedroom,scene
labClass,scene
warehouseoutside,scene
livingroom,scene
tenniscourt,scene
frontFoyer,scene
hotellobby,scene
courthouse,scene
icecream,scene
pier,scene
citystreet,scene
cemetery,scene
lake,scene
pharmacy,scene
churchInside,scene
trainStation,scene
bowlingalley,scene
drymountains,scene
observatory,scene
garbagedump,scene
horsebarn,scene
copyroom,scene
lookout,scene
gasstation,scene
sculpturegarden,scene
bathroomSink,scene
treehouse,scene
dock,scene
frontLawn,scene
homeoffice,scene
courtroom,scene
basement,scene
fireplace,scene
track,scene
mallindoor,scene
firestation,scene
bar,scene
skatepark,scene
coralreef,scene
gazebo,scene
flowershop,scene
fishmarket,scene
appleorchard,scene
fabricstore,scene
dinosaur,scene
nursery,scene
campusquad,scene
van_interior,scene
sandDunes_desert_outdoor,scene
sidewalk,scene
ShowJumping,scene
hometheater,scene
windmill,scene
HorseRaceTrack,scene
concert,scene
baggageClaim,scene
artStudio,scene
hotelRoom,scene
pantry,scene
driveway,scene
pasture,scene
glaciers_outdoor,scene
golfcourse,scene
amusement,scene
airplanecabin,scene
cargo,scene
publicrestroom,scene
ticket_counter,scene
dancestudio,scene
staircase,scene
closet,scene
exerciseequipment,scene
soccerfield,scene
dining_car,scene
fireEscape,scene
basketballcourt,scene
dugout,scene
farm,scene
clothingstore,scene
wineVineyard,scene
fountain,scene
playground,scene
skislope,scene
martialartsclass,scene
pizzeria,scene
frontDoor,scene
brewery,scene
highway,scene
carmechanic,scene
concerthall,scene
nailsalon,scene
baywindow,scene
bridalboutique,scene
bikerack,scene
cockpit,scene
childsroom,scene
parkinggarage,scene
baseball,scene
aquarium,scene
rooftop,scene
parkinglot,scene
kitchen,scene
homegarden,scene
diner,scene
restaurant,scene
metroInside,scene
island,scene
casino,scene
cabinIndoors,scene
photographer_studio,scene
grocerystore,scene
rainforest,scene
carwash,scene
foodcourt,scene
castle,scene
drycleaners,scene
RVinside,scene
bridge,scene
ISS,scene
lightingstore,scene
ATM,scene
forestpath,scene
shoestore,scene
eyeglassstore,scene
canyon,scene
church,scene
cafeteria,scene
cubicle,scene
conference,scene
bakerykitchen,scene
tailor,scene
olympicswimmingpool,scene
arcade,scene
greenmountains,scene
museum,scene
footballstadium,scene
attic,scene
postoffice,scene
farmersmarket,scene
musicStore,scene
banquetHall,scene
chickenCoop,scene
volleyballcourt,scene
liquorstore,scene
cabin,scene
winebarrel,scene
constructionSite,scene
porch,scene
squashcourt,scene
park,scene
hut,scene
dentist,scene
hospitalroom,scene
diningroom,scene
sandbox,scene
stripmall,scene
snowmountains,scene
poolhall,scene
tvstudio,scene
balconyOUT,scene
jewelrystore,scene
chemicalplant,scene
hayfield,scene
pavilion,scene
lockerroom,scene
runway,scene
dollhouse,scene
kindergarten_classroom,scene
ruralroad,scene
shower,scene
tollbooth,scene
desertvegetation,scene
barbershop,scene
airportTerminal,scene
wrestlingring,scene
shootingrange,scene
swimmingpool,scene
savanna,scene
breakroom,scene
weightroom,scene
balconyIN,scene
campsite,scene
circus,scene
alley,scene
movie_theater,scene
planetarium,scene
boardwalk,scene
whitewaterrapids,scene
minigolf,scene
hedgemaze,scene
pond,scene
restaurantkitchen,scene
stream_outdoor,scene
waitingroom,scene
bistrooutdoor,scene
hottub,scene
doctor,scene
bleachers,scene
cave,scene
operatingroom,scene
cabana,scene
apartmentBuilding,scene
applestore,scene
bambooforest,scene
bus_shelter,scene
warehouse,scene
recordingstudio,scene
beach,scene
library_aisle,scene
pub,scene
hallway,scene
waterfall_outdoor,scene
ballroom,scene
elevatorOutside,scene
botanicalGarden,scene
coffeeshop,scene
homegarage,scene
dormroom,scene
lab,scene
checkoutcounter,scene
yogastudio,scene
ice_rink,scene
onboat,scene
backstage,scene
playroom,scene
backyard,scene
carFactory,scene
cliff,scene
classroom,scene
sparoom,scene
fittingroom,scene
theater,scene
newsstand,scene
bakery,scene
harbor,scene
jail,scene
auto_showroom,scene
racecarcourse,scene
laundromat,scene
igloo,scene
